,store_id,store_type,store_brand,store_name,store_addr,store_geo_lat,store_geo_lng
0,-,패스트푸드,버거킹,버거킹 장안SK점,서울 동대문구 한천로 100,37.57016688,127.0649947
0,-,패스트푸드,버거킹,버거킹 마곡점,서울 강서구 마곡동로 56,37.55997791,126.8338034
0,-,패스트푸드,버거킹,버거킹 종로점,서울 종로구 종로 94,37.56994514,126.9880874
0,-,패스트푸드,버거킹,버거킹 서교동사거리점,서울 마포구 양화로 100,37.55270402,126.918684
0,-,패스트푸드,버거킹,버거킹 노원역점,서울 노원구 노해로 456,37.65358729,127.0587983
0,-,패스트푸드,버거킹,버거킹 공덕역점,서울 마포구 마포대로 144,37.54700135,126.9537568
0,-,패스트푸드,버거킹,버거킹 서여의도점,서울 영등포구 국회대로70길 23,37.52887605,126.9210118
0,-,패스트푸드,버거킹,버거킹 금천독산FS점,서울 금천구 시흥대로 388,37.46811966,126.8983547
0,-,패스트푸드,버거킹,버거킹 신논현역점,서울 강남구 봉은사로 105,37.5049715,127.0250242
0,-,패스트푸드,버거킹,버거킹 공릉역점,서울 노원구 동일로 1085,37.62669876,127.0721061
0,-,패스트푸드,버거킹,버거킹 강남대로점,서울 강남구 강남대로 406,37.49894013,127.0276228
0,-,패스트푸드,버거킹,버거킹 군자능동점,서울 광진구 능동로 245,37.55223221,127.0765373
0,-,패스트푸드,버거킹,버거킹 청담점,서울 강남구 선릉로 812,37.52430491,127.0397249
0,-,패스트푸드,버거킹,버거킹 개봉점,서울 구로구 개봉로 55,37.49057562,126.8557086
0,-,패스트푸드,버거킹,버거킹 사당역점,서울 동작구 동작대로 21,37.47848162,126.9813621
0,-,패스트푸드,버거킹,버거킹 선릉역점,서울 강남구 선릉로 429,37.50320221,127.0493133
0,-,패스트푸드,버거킹,버거킹 위례신도시GS점,서울 송파구 위례중앙로 43,37.47535281,127.1322885
0,-,패스트푸드,버거킹,버거킹 구의점,서울 광진구 아차산로 466,37.5397494,127.093899
0,-,패스트푸드,버거킹,버거킹 신촌1점,서울 서대문구 신촌로 121,37.5562058,126.9392959
0,-,패스트푸드,버거킹,버거킹 왕십리센트라스점,서울 성동구 홍익동 590,37.56591451,127.0363149
0,-,패스트푸드,버거킹,버거킹 종로구청점,서울 종로구 삼봉로 57,37.57256152,126.9804738
0,-,패스트푸드,버거킹,버거킹 신림역점,서울 관악구 신림로 318,37.48257543,126.9302529
0,-,패스트푸드,버거킹,버거킹 가재울뉴타운점,서울 서대문구 수색로 56,37.57081365,126.9127077
0,-,패스트푸드,버거킹,버거킹 문정역점,서울 송파구 법원로8길 13,37.48455251,127.1223042
0,-,패스트푸드,버거킹,버거킹 송파구청점,서울 송파구 오금로 99,37.51341707,127.1078395
0,-,패스트푸드,버거킹,버거킹 녹번대성GS점,서울 은평구 통일로 642,37.60400332,126.9352075
0,-,패스트푸드,버거킹,버거킹 서울대입구역점,서울 관악구 남부순환로 1796,37.48132268,126.9495953
0,-,패스트푸드,버거킹,버거킹 구로구청점,서울 구로구 가마산로 250,37.49481403,126.8886765
0,-,패스트푸드,버거킹,버거킹 차병원사거리점,서울 강남구 봉은사로 179,37.50746044,127.033396
0,-,패스트푸드,버거킹,버거킹 교대역점,서울 서초구 서초대로 283,37.49367836,127.0126945
0,-,패스트푸드,버거킹,버거킹 길동사거리점,서울 강동구 양재대로 1440,37.53438895,127.1391394
0,-,패스트푸드,버거킹,버거킹 건대입구역점,서울 광진구 아차산로 229,37.54080913,127.0689907
0,-,패스트푸드,버거킹,버거킹 약수역점,서울 중구 다산로 142,37.55627551,127.0117539
0,-,패스트푸드,버거킹,버거킹 종암점,서울 성북구 종암로 123,37.60101327,127.0331662
0,-,패스트푸드,버거킹,버거킹 구로점,서울 구로구 시흥대로 551,37.48253994,126.9002463
0,-,패스트푸드,버거킹,버거킹 불광점,서울 은평구 통일로 746,37.61200906,126.928943
0,-,패스트푸드,버거킹,버거킹 청담주성점,서울 강남구 영동대로 716,37.52194394,127.0566807
0,-,패스트푸드,버거킹,버거킹 노량진점,서울 동작구 노량진로 169,37.51409934,126.9448254
0,-,패스트푸드,버거킹,버거킹 먹골역점,서울 중랑구 동일로 890,37.60991516,127.0781892
0,-,패스트푸드,버거킹,버거킹 시청역점,서울 중구 서소문로 136,37.56354912,126.9760429
0,-,패스트푸드,버거킹,버거킹 박석고개SK점,서울 은평구 통일로 945,37.62728548,126.9193984
0,-,패스트푸드,버거킹,버거킹 강남도곡점,서울 강남구 논현로 172,37.48495489,127.0419623
0,-,패스트푸드,버거킹,버거킹 혜화역점,서울 종로구 동숭길 148,37.58352506,127.0021502
0,-,패스트푸드,버거킹,버거킹 명일DT점,서울 강동구 고덕로 168,37.55447863,127.1440113
0,-,패스트푸드,버거킹,버거킹 석촌점,서울 송파구 송파대로 448,37.50659671,127.1063855
0,-,패스트푸드,버거킹,버거킹 신대방삼거리역점,서울 동작구 상도로 83,37.49990545,126.929877
0,-,패스트푸드,버거킹,버거킹 쌍문SK점,서울 도봉구 도봉로 437,37.64497226,127.0321589
0,-,패스트푸드,버거킹,버거킹 연신내역점,서울 은평구 통일로 834,37.61812291,126.9226566
0,-,패스트푸드,버거킹,버거킹 문정점,서울 송파구 송이로 239,37.48804937,127.1317271
0,-,패스트푸드,버거킹,버거킹 염창역점,서울 양천구 공항대로 630,37.54653534,126.8747144
0,-,패스트푸드,버거킹,버거킹 당산역점,서울 영등포구 양평로 58,37.53506489,126.9006701
0,-,패스트푸드,버거킹,버거킹 서대문역점,서울 중구 통일로 86,37.56310596,126.9695695
0,-,패스트푸드,버거킹,버거킹 반포고속터미널점,서울 서초구 신반포로 194,37.50643574,127.0068344
0,-,패스트푸드,버거킹,버거킹 대치점,서울 강남구 도곡로 447,37.49869412,127.0593153
0,-,패스트푸드,버거킹,버거킹 수유역점,서울 강북구 도봉로 314,37.63611794,127.0241726
0,-,패스트푸드,버거킹,버거킹 낙성대점,서울 관악구 남부순환로 1934,37.47663731,126.9637355
0,-,패스트푸드,버거킹,버거킹 방배점,서울 서초구 방배로 127,37.48525794,126.994861
0,-,패스트푸드,버거킹,버거킹 양재점,서울 서초구 강남대로 221,37.4836851,127.0341178
0,-,패스트푸드,버거킹,버거킹 미아역점,서울 강북구 도봉로 188,37.62563684,127.0267976
0,-,패스트푸드,버거킹,버거킹 영등포KT점,서울 영등포구 영중로 119,37.52684831,126.9051766
0,-,패스트푸드,버거킹,버거킹 신월점,서울 양천구 화곡로 64,37.53905784,126.8289563
0,-,패스트푸드,버거킹,버거킹 망우점,서울 중랑구 망우로 400,37.59875728,127.09659
0,-,패스트푸드,버거킹,버거킹 신당역점,서울 중구 다산로 258,37.56579485,127.0166238
0,-,패스트푸드,버거킹,버거킹 석관점,서울 성북구 돌곶이로 50,37.60858839,127.0596194
0,-,패스트푸드,버거킹,버거킹 종합운동장사거리점,서울 송파구 올림픽로 76,37.51156036,127.0791814
0,-,패스트푸드,버거킹,버거킹 가산디지털점,서울 금천구 가산디지털1로 168,37.47996643,126.8826362
0,-,패스트푸드,버거킹,버거킹 쌍문점,서울 도봉구 도당로 6,37.65871187,127.0353712
0,-,패스트푸드,버거킹,버거킹 몽촌토성점,서울 송파구 백제고분로51길 30,37.51697138,127.1125371
0,-,패스트푸드,버거킹,버거킹 상암점,서울 마포구 월드컵북로 344,37.57650559,126.8938896
0,-,패스트푸드,버거킹,버거킹 연희점,서울 서대문구 연희로 97,37.56680388,126.9305165
0,-,패스트푸드,버거킹,버거킹 목동역점,서울 양천구 오목로 238,37.52589223,126.8639426
0,-,패스트푸드,버거킹,버거킹 수서점,서울 강남구 광평로 280,37.48731916,127.1031081
0,-,패스트푸드,버거킹,버거킹 창동역점,서울 도봉구 노해로 389,37.65276817,127.0513356
0,-,패스트푸드,버거킹,버거킹 구로디지털점,서울 구로구 디지털로 288,37.48356957,126.8955028
0,-,패스트푸드,버거킹,버거킹 연세로점,서울 서대문구 연세로 25,37.55789461,126.9366961
0,-,패스트푸드,버거킹,버거킹 천호역점,서울 강동구 천호대로 1012,37.53809778,127.1241518
0,-,패스트푸드,버거킹,버거킹 신정네거리역점,서울 양천구 중앙로 275,37.52078101,126.8522263
0,-,패스트푸드,버거킹,버거킹 양평점,서울 영등포구 선유로 130,37.52537852,126.8913761
0,-,패스트푸드,버거킹,버거킹 회현역점,서울 중구 퇴계로 52,37.5584187,126.9785444
0,-,패스트푸드,버거킹,버거킹 충무로역점,서울 중구 퇴계로 216,37.56133458,126.9958133
0,-,패스트푸드,버거킹,버거킹 신설동역점,서울 동대문구 보문로 6,37.57613638,127.0235306
0,-,패스트푸드,버거킹,버거킹 둔촌GS FS점,서울 강동구 양재대로 1323,37.52453521,127.1344215
0,-,패스트푸드,버거킹,버거킹 숭례문점,서울 중구 세종대로 23,37.55909097,126.9738446
0,-,패스트푸드,버거킹,버거킹 용산이마트점,서울 용산구 한강대로23길 55,37.5297718,126.9647415
0,-,패스트푸드,버거킹,버거킹 안암오거리점,서울 성북구 안암로 73,37.58304035,127.0291216
0,-,패스트푸드,버거킹,버거킹 거여역점,서울 송파구 오금로 519,37.49309696,127.1465182
0,-,패스트푸드,버거킹,버거킹 상암MBC점,서울 마포구 성암로 255,37.58027851,126.8918186
0,-,패스트푸드,버거킹,버거킹 방배카페골목점,서울 서초구 방배중앙로 200,37.49702487,126.9856319
0,-,패스트푸드,버거킹,버거킹 국제점,서울 용산구 한강대로 92,37.52817593,126.9675227
0,-,패스트푸드,버거킹,버거킹 가양역점,서울 강서구 양천로 476,37.56160018,126.853272
0,-,패스트푸드,버거킹,버거킹 건대역점,서울 광진구 아차산로 272,37.53855827,127.0729962
0,-,패스트푸드,버거킹,버거킹 강동구청점,서울 강동구 성내로 22,37.52958921,127.1228304
0,-,패스트푸드,버거킹,버거킹 신림미림여고입구점,서울 관악구 신림로 141,37.47159171,126.9334415
0,-,패스트푸드,버거킹,버거킹 홍제역점,서울 서대문구 통일로 464,37.58996298,126.9432191
0,-,패스트푸드,버거킹,버거킹 대치역점,서울 강남구 남부순환로 2936,37.49334891,127.0619166
0,-,패스트푸드,버거킹,버거킹 신길점,서울 영등포구 도신로 237,37.51266985,126.9171303
0,-,패스트푸드,버거킹,버거킹 가산이앤씨7점,서울 금천구 디지털로9길 46,37.48005881,126.8871007
0,-,패스트푸드,버거킹,버거킹 강남NC점,서울 서초구 잠원로 69,37.5102605,127.0069708
0,-,패스트푸드,버거킹,버거킹 내발산점,서울 강서구 강서로 308,37.55313532,126.8367999
0,-,패스트푸드,버거킹,버거킹 삼성중앙역점,서울 강남구 봉은사로 502,37.51288261,127.0538517
0,-,패스트푸드,버거킹,버거킹 마포구청역점,서울 마포구 월드컵로 155,37.56138116,126.9049316
0,-,패스트푸드,버거킹,버거킹 황학이마트점,서울 중구 청계천로 400,37.57081055,127.0214639
0,-,패스트푸드,버거킹,버거킹 목동이마트점,서울 양천구 오목로 299,37.5260837,126.8703553
0,-,패스트푸드,버거킹,버거킹 서울역점,서울 용산구 한강대로 405,37.5548376,126.9717326
0,-,패스트푸드,버거킹,버거킹 고대중앙광장점,서울 성북구 안암로 145,37.58870342,127.0316983
0,-,패스트푸드,버거킹,버거킹 가양이마트점,서울 강서구 양천로 559,37.55819481,126.8618176
0,-,패스트푸드,버거킹,버거킹 관악롯데점,서울 관악구 보라매로3길 31,37.49073798,126.9250299
0,-,패스트푸드,버거킹,버거킹 목동현대점,서울 양천구 목동동로 257,37.52719787,126.8746912
0,-,패스트푸드,버거킹,버거킹 동국대점,서울 중구 필동로1길 30,37.55893664,126.9987376
