,store_id,store_type,store_brand,store_name,store_addr,store_geo_lat,store_geo_lng
0,-,패스트푸드,버거킹,버거킹 장안SK점,서울 동대문구 한천로 100,37.5701668831791,127.064994661697
0,-,패스트푸드,버거킹,버거킹 마곡점,서울 강서구 마곡동로 56,37.559977905954,126.833803408762
0,-,패스트푸드,버거킹,버거킹 종로점,서울 종로구 종로 94,37.5699451391001,126.988087440713
0,-,패스트푸드,버거킹,버거킹 서교동사거리점,서울 마포구 양화로 100,37.5527040168222,126.918683968423
0,-,패스트푸드,버거킹,버거킹 노원역점,서울 노원구 노해로 456,37.6535872870243,127.058798321497
0,-,패스트푸드,버거킹,버거킹 공덕역점,서울 마포구 마포대로 144,37.5470013514751,126.953756813538
0,-,패스트푸드,버거킹,버거킹 서여의도점,서울 영등포구 국회대로70길 23,37.5288760479466,126.921011762639
0,-,패스트푸드,버거킹,버거킹 금천독산FS점,서울 금천구 시흥대로 388,37.4681196551816,126.898354721526
0,-,패스트푸드,버거킹,버거킹 신논현역점,서울 강남구 봉은사로 105,37.5049715004391,127.025024207865
0,-,패스트푸드,버거킹,버거킹 강남대로점,서울 강남구 강남대로 406,37.4989401291583,127.027622767131
0,-,패스트푸드,버거킹,버거킹 공릉역점,서울 노원구 동일로 1085,37.626698760512,127.072106149743
0,-,패스트푸드,버거킹,버거킹 군자능동점,서울 광진구 능동로 245,37.5522322050293,127.076537319859
0,-,패스트푸드,버거킹,버거킹 개봉점,서울 구로구 개봉로 55,37.4905756220475,126.855708578139
0,-,패스트푸드,버거킹,버거킹 위례신도시GS점,서울 송파구 위례중앙로 43,37.4753528139164,127.132288546135
0,-,패스트푸드,버거킹,버거킹 청담점,서울 강남구 선릉로 812,37.5243049058338,127.039724864606
0,-,패스트푸드,버거킹,버거킹 사당역점,서울 동작구 동작대로 21,37.4784816221514,126.981362070757
0,-,패스트푸드,버거킹,버거킹 왕십리센트라스점,서울 성동구 홍익동 590,37.565914506043,127.03631494075
0,-,패스트푸드,버거킹,버거킹 신촌1점,서울 서대문구 신촌로 121,37.5562057965146,126.939295914138
0,-,패스트푸드,버거킹,버거킹 선릉역점,서울 강남구 선릉로 429,37.5032022121152,127.049313250519
0,-,패스트푸드,버거킹,버거킹 종로구청점,서울 종로구 삼봉로 57,37.5725615164337,126.980473808393
0,-,패스트푸드,버거킹,버거킹 구의점,서울 광진구 아차산로 466,37.539749401091,127.093899018471
0,-,패스트푸드,버거킹,버거킹 가재울뉴타운점,서울 서대문구 수색로 56,37.5708136519192,126.912707653517
0,-,패스트푸드,버거킹,버거킹 신림역점,서울 관악구 신림로 318,37.4825754320038,126.930252917369
0,-,패스트푸드,버거킹,버거킹 문정역점,서울 송파구 법원로8길 13,37.4845525070838,127.122304167596
0,-,패스트푸드,버거킹,버거킹 서울대입구역점,서울 관악구 남부순환로 1796,37.4813226832698,126.949595277943
0,-,패스트푸드,버거킹,버거킹 송파구청점,서울 송파구 오금로 99,37.5134170729898,127.107839492295
0,-,패스트푸드,버거킹,버거킹 교대역점,서울 서초구 서초대로 283,37.493678364798,127.01269448384
0,-,패스트푸드,버거킹,버거킹 녹번대성GS점,서울 은평구 통일로 642,37.6040033229848,126.935207500802
0,-,패스트푸드,버거킹,버거킹 먹골역점,서울 중랑구 동일로 890,37.6099151597192,127.078189221962
0,-,패스트푸드,버거킹,버거킹 건대입구역점,서울 광진구 아차산로 229,37.540809126931,127.068990676571
0,-,패스트푸드,버거킹,버거킹 차병원사거리점,서울 강남구 봉은사로 179,37.5074604391987,127.033395973437
0,-,패스트푸드,버거킹,버거킹 종암점,서울 성북구 종암로 123,37.6010132669533,127.033166191324
0,-,패스트푸드,버거킹,버거킹 박석고개SK점,서울 은평구 통일로 945,37.6272854815736,126.919398367026
0,-,패스트푸드,버거킹,버거킹 구로구청점,서울 구로구 가마산로 250,37.4948140331034,126.888676526029
0,-,패스트푸드,버거킹,버거킹 불광점,서울 은평구 통일로 746,37.6120090630277,126.928942996302
0,-,패스트푸드,버거킹,버거킹 청담주성점,서울 강남구 영동대로 716,37.521943936469,127.056680709065
0,-,패스트푸드,버거킹,버거킹 길동사거리점,서울 강동구 양재대로 1440,37.534388953741,127.139139380301
0,-,패스트푸드,버거킹,버거킹 구로점,서울 구로구 시흥대로 551,37.4825399425928,126.900246298277
0,-,패스트푸드,버거킹,버거킹 노량진점,서울 동작구 노량진로 169,37.5140993439637,126.944825413681
0,-,패스트푸드,버거킹,버거킹 신대방삼거리역점,서울 동작구 상도로 83,37.4999054539561,126.929876950722
0,-,패스트푸드,버거킹,버거킹 강남도곡점,서울 강남구 논현로 172,37.4849548856263,127.041962306209
0,-,패스트푸드,버거킹,버거킹 혜화역점,서울 종로구 동숭길 148,37.5835250574592,127.002150195429
0,-,패스트푸드,버거킹,버거킹 약수역점,서울 중구 다산로 142,37.5562755068924,127.011753862419
0,-,패스트푸드,버거킹,버거킹 쌍문SK점,서울 도봉구 도봉로 437,37.6449722642179,127.032158920343
0,-,패스트푸드,버거킹,버거킹 석촌점,서울 송파구 송파대로 448,37.5065967085732,127.106385512845
0,-,패스트푸드,버거킹,버거킹 시청역점,서울 중구 서소문로 136,37.5635491216557,126.97604290682
0,-,패스트푸드,버거킹,버거킹 문정점,서울 송파구 송이로 239,37.4880493688611,127.131727143881
0,-,패스트푸드,버거킹,버거킹 염창역점,서울 양천구 공항대로 630,37.5465353390135,126.874714381046
0,-,패스트푸드,버거킹,버거킹 대치점,서울 강남구 도곡로 447,37.4986941157594,127.059315262317
0,-,패스트푸드,버거킹,버거킹 수유역점,서울 강북구 도봉로 314,37.6361179427387,127.02417263596
0,-,패스트푸드,버거킹,버거킹 당산역점,서울 영등포구 양평로 58,37.5350648932852,126.900670131531
0,-,패스트푸드,버거킹,버거킹 연신내역점,서울 은평구 통일로 834,37.6181229111387,126.922656566282
0,-,패스트푸드,버거킹,버거킹 명일DT점,서울 강동구 고덕로 168,37.5544786253203,127.144011308896
0,-,패스트푸드,버거킹,버거킹 서대문역점,서울 중구 통일로 86,37.5631059622005,126.969569549275
0,-,패스트푸드,버거킹,버거킹 방배점,서울 서초구 방배로 127,37.4852579365619,126.994860973768
0,-,패스트푸드,버거킹,버거킹 반포고속터미널점,서울 서초구 신반포로 194,37.5064357442307,127.006834366246
0,-,패스트푸드,버거킹,버거킹 신월점,서울 양천구 화곡로 64,37.5390578401501,126.828956294663
0,-,패스트푸드,버거킹,버거킹 영등포KT점,서울 영등포구 영중로 119,37.526848314445,126.905176591009
0,-,패스트푸드,버거킹,버거킹 미아역점,서울 강북구 도봉로 188,37.6256368354165,127.026797556758
0,-,패스트푸드,버거킹,버거킹 낙성대점,서울 관악구 남부순환로 1934,37.4766373051657,126.963735538331
0,-,패스트푸드,버거킹,버거킹 양재점,서울 서초구 강남대로 221,37.4836850972087,127.034117823374
0,-,패스트푸드,버거킹,버거킹 신당역점,서울 중구 다산로 258,37.5657948536437,127.016623843671
0,-,패스트푸드,버거킹,버거킹 종합운동장사거리점,서울 송파구 올림픽로 76,37.5115603565131,127.079181383259
0,-,패스트푸드,버거킹,버거킹 석관점,서울 성북구 돌곶이로 50,37.6085883933192,127.059619418105
0,-,패스트푸드,버거킹,버거킹 가산디지털점,서울 금천구 가산디지털1로 168,37.479966429878,126.88263620024
0,-,패스트푸드,버거킹,버거킹 몽촌토성점,서울 송파구 백제고분로51길 30,37.5169713837016,127.112537076619
0,-,패스트푸드,버거킹,버거킹 쌍문점,서울 도봉구 도당로 6,37.6587118738827,127.035371175956
0,-,패스트푸드,버거킹,버거킹 구로디지털점,서울 구로구 디지털로 288,37.4835695693308,126.895502765348
0,-,패스트푸드,버거킹,버거킹 상암점,서울 마포구 월드컵북로 344,37.5765055871542,126.893889591525
0,-,패스트푸드,버거킹,버거킹 연희점,서울 서대문구 연희로 97,37.5668038837366,126.930516521058
0,-,패스트푸드,버거킹,버거킹 수서점,서울 강남구 광평로 280,37.4873191631489,127.103108072457
0,-,패스트푸드,버거킹,버거킹 창동역점,서울 도봉구 노해로 389,37.6527681735064,127.051335609074
0,-,패스트푸드,버거킹,버거킹 목동역점,서울 양천구 오목로 238,37.5258922323904,126.86394263991
0,-,패스트푸드,버거킹,버거킹 망우점,서울 중랑구 망우로 400,37.5987572807336,127.096589961709
0,-,패스트푸드,버거킹,버거킹 천호역점,서울 강동구 천호대로 1012,37.5380977789536,127.124151797401
0,-,패스트푸드,버거킹,버거킹 양평점,서울 영등포구 선유로 130,37.5253785170391,126.891376058936
0,-,패스트푸드,버거킹,버거킹 연세로점,서울 서대문구 연세로 25,37.5578946120138,126.936696112402
0,-,패스트푸드,버거킹,버거킹 신설동역점,서울 동대문구 보문로 6,37.5761363837871,127.023530607859
0,-,패스트푸드,버거킹,버거킹 충무로역점,서울 중구 퇴계로 216,37.5613345759958,126.995813274893
0,-,패스트푸드,버거킹,버거킹 신정네거리역점,서울 양천구 중앙로 275,37.520781006605,126.852226262711
0,-,패스트푸드,버거킹,버거킹 둔촌GS FS점,서울 강동구 양재대로 1323,37.5245352149831,127.134421461173
0,-,패스트푸드,버거킹,버거킹 회현역점,서울 중구 퇴계로 52,37.5584186963798,126.978544421858
0,-,패스트푸드,버거킹,버거킹 용산이마트점,서울 용산구 한강대로23길 55,37.5297718014452,126.964741503485
0,-,패스트푸드,버거킹,버거킹 숭례문점,서울 중구 세종대로 23,37.5590909738298,126.973844589811
0,-,패스트푸드,버거킹,버거킹 거여역점,서울 송파구 오금로 519,37.4930969613738,127.14651816376
0,-,패스트푸드,버거킹,버거킹 안암오거리점,서울 성북구 안암로 73,37.5830403543572,127.029121644742
0,-,패스트푸드,버거킹,버거킹 상암MBC점,서울 마포구 성암로 255,37.5802785107294,126.89181859148
0,-,패스트푸드,버거킹,버거킹 방배카페골목점,서울 서초구 방배중앙로 200,37.4970248728691,126.985631855151
0,-,패스트푸드,버거킹,버거킹 강동구청점,서울 강동구 성내로 22,37.5295892118638,127.122830427749
0,-,패스트푸드,버거킹,버거킹 건대역점,서울 광진구 아차산로 272,37.5385582736952,127.072996184863
0,-,패스트푸드,버거킹,버거킹 국제점,서울 용산구 한강대로 92,37.5281759339792,126.96752270323
0,-,패스트푸드,버거킹,버거킹 가양역점,서울 강서구 양천로 476,37.5616001805127,126.853271958466
0,-,패스트푸드,버거킹,버거킹 대치역점,서울 강남구 남부순환로 2936,37.4933489108525,127.06191661451
0,-,패스트푸드,버거킹,버거킹 홍제역점,서울 서대문구 통일로 464,37.5899629791299,126.943219061658
0,-,패스트푸드,버거킹,버거킹 신림미림여고입구점,서울 관악구 신림로 141,37.4715917133189,126.933441547933
0,-,패스트푸드,버거킹,버거킹 신길점,서울 영등포구 도신로 237,37.5126698456692,126.917130327062
0,-,패스트푸드,버거킹,버거킹 강남NC점,서울 서초구 잠원로 69,37.5102605018374,127.006970780391
0,-,패스트푸드,버거킹,버거킹 가산이앤씨7점,서울 금천구 디지털로9길 46,37.4800588086696,126.887100662443
0,-,패스트푸드,버거킹,버거킹 내발산점,서울 강서구 강서로 308,37.5531353232807,126.836799948563
0,-,패스트푸드,버거킹,버거킹 삼성중앙역점,서울 강남구 봉은사로 502,37.5128826080616,127.053851672121
0,-,패스트푸드,버거킹,버거킹 서울역점,서울 용산구 한강대로 405,37.5548375992165,126.971732581232
0,-,패스트푸드,버거킹,버거킹 목동이마트점,서울 양천구 오목로 299,37.5260837006075,126.87035534357
0,-,패스트푸드,버거킹,버거킹 황학이마트점,서울 중구 청계천로 400,37.5708105464699,127.021463886656
0,-,패스트푸드,버거킹,버거킹 마포구청역점,서울 마포구 월드컵로 155,37.561381158832,126.904931604469
0,-,패스트푸드,버거킹,버거킹 가양이마트점,서울 강서구 양천로 559,37.558194814626,126.861817646457
0,-,패스트푸드,버거킹,버거킹 고대중앙광장점,서울 성북구 안암로 145,37.5887034223667,127.031698331241
0,-,패스트푸드,버거킹,버거킹 관악롯데점,서울 관악구 보라매로3길 31,37.4907379784252,126.925029940963
0,-,패스트푸드,버거킹,버거킹 가산현대시티아울렛점,서울 금천구 디지털로10길 9,37.4776190161713,126.88905533739
0,-,패스트푸드,버거킹,버거킹 목동현대점,서울 양천구 목동동로 257,37.5271978737652,126.874691181758
0,-,패스트푸드,버거킹,버거킹 동국대점,서울 중구 필동로1길 30,37.5589366401553,126.998737605491
0,-,주차장,버거킹주차장,버거킹주차장,서울 강남구 청담동 85-5,37.5242840819869,127.039756642044
0,-,화장실,버거킹,버거킹 수송동점 개방화장실,서울 종로구 삼봉로 57,37.5725615164337,126.980473808393
0,-,자전거대여소,대치동,대치동 버거킹대치점 대여소,서울 강남구 도곡로 447,37.4986941157594,127.059315262317
0,-,공중전화,공중전화,공중전화 버거킹청담점코코스,서울 강남구 선릉로 812,37.5243049058338,127.039724864606
0,-,공중전화,공중전화,공중전화 노브랜드버거킹앞,서울 중구 무교동 44-1,37.5676811575031,126.979257024772
